"","RIVTYPE","B","C","A","D","F","Data defic","E","tot_leng24","prcDDef24","prp24_ab"
"1","10_N_L",118.894523535646,1853.11570424069,0,0,0,0,0,1972.01022777634,0,0.0602910278359527
"2","10_N_M",19980.3656441493,21443.0293116527,5799.16690630964,2388.32382799652,719.743271602029,0,0,50330.6289617102,0,0.51220366369892
"3","10_N_U",24474.6816782781,109806.94783309,724.671382986272,4819.56964704677,2495.62613936374,0,0,142321.496680765,0,0.177059359611626
"4","10_P_L",34213.5078123403,230854.335298968,0,102522.189931453,9895.62728959591,0,0,377485.660332358,0,0.0906352516337097
"5","10_P_M",51839.9647608938,82848.5835669615,0,12693.9453268264,215.002610493383,0,0,147597.496265175,0,0.351225231271929
"6","10_P_U",203428.709012856,566108.20400985,0,100567.518010181,30868.1496600617,1414.36005535937,0,902386.940748308,0.00156735430389374,0.225434012646683
"7","11_N_F",0,51711.9846355255,0,123728.827715285,15878.6196606837,69.2765334790357,68142.1680163216,259530.876561295,0.000266929832769529,0
"8","11_N_L",622419.281185757,2582453.02682493,0,1167347.89698082,91148.6201027663,38770.3598472686,294141.28232411,4796280.46726565,0.00808342216679658,0.129771243661361
"9","11_N_M",13418.9571047168,23608.4259918275,0,20686.8946130985,1695.94883197082,0,3583.03649985194,62993.2630414656,0,0.213022098821643
"10","11_N_U",527749.400079204,1812833.90873381,483.210195774638,662020.010767704,120251.93139102,38367.7991876498,232519.032981158,3394225.29333632,0.0113038457591413,0.155626855798885
"11","11_P_F",298107.476644183,2008260.35676195,0,1930154.31935395,230032.75322135,4978.3304274051,174842.310562259,4646375.54697109,0.0010714438333876,0.0641591437520617
"12","11_P_L",878987.132789125,4507720.15063614,10.7354552767919,2061109.97565449,235948.214351153,8442.31116362721,750024.448179861,8442242.96822967,0.00100000807787667,0.104118996758598
"13","11_P_M",15628.5410752149,49487.5583701749,0,17244.112211824,1012.62835493712,0,6096.23750523298,89469.0775173839,0,0.174680923385829
"14","11_P_U",366327.892178662,1432477.47290798,2769.75695212496,659823.013486464,83281.8975325293,9491.61891959524,206101.490899917,2760273.14287727,0.00343865205662266,0.133717798937117
"15","12_N_F",3304.26389859087,0,0,0,0,0,0,3304.26389859087,0,1
"16","12_N_L",14272.2694999262,0,135604.04575209,22245.4971022717,7304.8507731346,0,0,179426.663127422,0,0.835306819174246
"17","12_N_M",18328.0769607132,0,1123.18382549148,1477.90267332668,0,0,0,20929.1634595313,0,0.929385487566937
"18","12_N_U",161214.852912918,0,84666.2769487249,16932.5457517299,1526.4062584118,0,0,264340.081871785,0,0.930169681875581
"19","12_P_F",15471.3878873756,2954.03401191824,0,8869.23139931655,0,0,0,27294.6532986104,0,0.566828518322424
"20","12_P_L",38664.9570940721,0,18010.9611744307,30602.1133968466,5973.1045421616,0,18156.9652693819,111408.101476893,0,0.508723490636432
"21","12_P_M",1576.22196015705,0,0,0,0,867.816942398571,0,2444.03890255562,0.355074930063975,0.644925069936025
"22","12_P_U",12686.9993878604,0,375.292066589799,8853.52468020698,655.212835168571,7818.6929728341,0,30389.7219426598,0.257280832894313,0.42982596152398
"23","13_N_F",43045.2815000088,3315.63216607956,0,14774.0099208066,0,2539.277788901,0,63674.2013757959,0.0398792247729116,0.676023893035765
"24","13_N_L",59747.6061561976,4199.91908454933,5987.33369596957,23410.4107181436,0,0,0,93345.2696548601,0,0.70421286579619
"25","13_N_U",9912.2647803362,2401.02925921523,0,4297.43869711875,0,0,0,16610.7327366702,0,0.596738562800044
"26","13_P_F",31467.4958938357,135255.568169688,0,120169.509919652,0,32708.1046975888,216951.49824696,536552.176927725,0.060959783790039,0.0586475970967395
"27","13_P_L",9743.86638345724,111294.788815825,0,77533.7249530993,271.791248712336,4941.04233107269,11954.8877495484,215740.101481715,0.0229027533459813,0.0451648363773626
"28","13_P_M",1659.97228076527,2662.61696000195,0,55.1805275889965,0,0,0,4377.76976835622,0,0.379182179191796
"29","13_P_U",19110.2596500942,45205.7616088179,0,25177.5448414517,0,1533.04715151845,0,91026.6132518822,0.0168417465700532,0.209941455222702
"30","14_N_F",0,821.076184360713,0,25060.9842805518,0,0,0,25882.0604649125,0,0
"31","14_N_L",43128.5990755653,226630.471983605,0,41562.9729832274,443.96905369307,0,0,311766.013096091,0,0.138336435865036
"32","14_N_M",30747.5964082559,18466.6459179218,239.021975796778,5015.83096989034,269.316871671429,0,0,54738.4121435363,0,0.566085444765897
"33","14_N_U",186097.417609877,225522.331228412,19443.1923967207,23198.480705354,4644.71283139615,0,0,458906.134771759,0,0.447892487008972
"34","14_P_F",125626.213571628,264094.255984444,0,55632.0383270511,26989.3608412279,0,165.192002011469,472507.060726363,0,0.2658716112697
"35","14_P_L",684442.711195181,1191671.01554621,54638.9772189709,277388.591487492,32834.0888340795,6825.70036710639,51587.3759241198,2299388.46057316,0.00296848509251237,0.321425327249804
"36","14_P_M",158401.266708125,130413.765357796,3411.78503072819,13311.4514987545,903.065875936599,2247.61674588826,493.326933739526,309182.278150968,0.00726955231499651,0.52335810676653
"37","14_P_U",1384309.84771218,1236167.67708906,65297.0765375563,202960.085045701,10503.6264637618,9238.54783158846,19354.3441053305,2927831.20478517,0.00315542365163989,0.495112874635852
"38","15_N_F",0,5740.39804225053,0,0,0,0,0,5740.39804225053,0,0
"39","15_N_L",52612.6581033575,214303.63629872,0,199446.390199266,697.193616434942,0,6196.30103690346,473256.179254681,0,0.111171624185057
"40","15_N_M",54029.7385870987,55441.3249585586,18170.962596332,18976.3500649982,109.066114269358,0,0,146727.442321257,0,0.492073602873474
"41","15_N_U",140396.667493406,471244.791824776,0,257145.769319108,6488.59909316553,7484.58335701457,0,882760.41108747,0.00847861238792339,0.159042777326695
"42","15_P_F",68639.1368748722,222670.588292905,0,283102.048204535,2233.77068164661,1747.53275853436,22223.5118162156,600616.588628708,0.00290956459015596,0.114281120725595
"43","15_P_L",484588.549667292,1107975.19208989,6816.78288011534,516500.905688695,9102.47149726936,72.9194775064486,63649.855666639,2188706.67696741,0.000033316240259057,0.224518587949062
"44","15_P_M",297793.354136941,197452.136725528,117313.797106235,38363.7670213803,232.417538648101,128.080129135921,2465.00350253073,653748.5561604,0.000195916500203323,0.634964540007839
"45","15_P_U",921414.196856363,1044220.67350364,119813.359203207,198093.967971668,3867.2531062483,5472.00906416912,17566.1113427883,2310447.57104808,0.00236837621105891,0.45066054261826
"46","16_N_L",20589.3424884905,18042.7300938653,0,0,1440.61999784375,0,0,40072.6925801995,0,0.513799826335204
"47","16_N_M",16362.1521646808,35525.0350849507,3258.09902730001,494.12375502756,356.634501269682,410.631048581244,0,56406.67558181,0.00727983069992631,0.347835623879737
"48","16_N_U",56023.6095404723,141363.67737851,1309.02966191544,6031.0202176714,897.543956572575,0,0,205624.880755142,0,0.27882150735766
"49","16_P_F",25768.3347210218,228942.121163711,0,122238.432728067,19860.6594388176,0,20233.0686179932,417042.61666961,0,0.0617882530250762
"50","16_P_L",447752.044481353,2739329.62744938,9260.10595727658,779765.83634962,30052.7146058053,0,69617.194398964,4075777.5232424,0,0.112128826422072
"51","16_P_M",175732.189413635,451986.159912447,11006.3750266913,87891.8440183802,1673.80045838425,0,4490.04073757605,732780.409567114,0,0.254835639711822
"52","16_P_U",1442004.96323509,4154970.90819352,69522.4580389317,916933.598372737,17212.0731595341,0,28177.1807153365,6628821.18171514,0,0.22802356253679
"53","17_N_M",0,1880.30848247763,0,70.3368013560469,0,0,0,1950.64528383367,0,0
"54","17_N_U",0,2095.6438150844,0,0,0,0,0,2095.6438150844,0,0
"55","17_P_F",11506.0305708027,2258.09373903758,0,21429.4809312196,0,70.5356266757283,1346.26327163881,36610.4041393743,0.00192665523186256,0.314283079940873
"56","17_P_L",346611.596277728,870534.101078522,40580.7938756269,160799.687477954,4220.69132346896,1254.0154514878,37002.4311340365,1461003.31661882,0.000858324849248082,0.265018145920043
"57","17_P_M",29478.362437177,65725.8595492622,994.156654272772,11924.6931633458,36.3866647459392,0,3005.39969901208,111164.858167816,0,0.27412007349884
"58","17_P_U",656502.21036834,986136.907565998,21615.2974525631,265417.575476826,5666.30735105957,0,59562.5186631433,1994900.81687793,0,0.339925424905171
"59","18_N_F",878.864898809237,2431.42304626838,0,4767.13677021816,0,0,0,8077.42471529578,0,0.10880508699078
"60","18_N_L",286831.876063727,884205.490442274,0,297393.250648029,19246.3527613558,71899.5205854161,74205.9664982546,1633782.45699906,0.0440080135989963,0.175563077467842
"61","18_N_M",238275.994377358,304882.786810462,1226.84702922708,70103.9803737144,3687.24952200134,3392.93833152431,2621.80994865616,624191.606392944,0.00543573206812456,0.383700836335522
"62","18_N_U",1798842.03973985,3141120.68049025,2384.76672572073,742159.095204091,70523.3217535307,34786.9555670961,60490.8402025487,5850307.69968309,0.00594617537278945,0.307885823947884
"63","18_P_F",0,15011.8238872434,0,0,0,0,0,15011.8238872434,0,0
"64","18_P_L",341509.257476446,1144523.9425997,0,749868.592346933,16277.3814753736,0,166835.263716653,2419014.43761511,0,0.141177023239737
"65","18_P_M",20447.1070993259,39028.7240925747,2130.05381345956,23460.2505443008,528.701458738198,0,0,85594.8370083992,0,0.263767789061507
"66","18_P_U",262844.566846289,586297.509977979,11143.3312818674,329633.608819949,2954.12770039394,0,3040.15571020637,1195913.30033669,0,0.229103479366791
"67","19_N_F",506.194943243329,6221.27508640405,0,1651.6045991568,0,0,0,8379.07462880418,0,0.0604117955344635
"68","19_N_L",204262.705282049,336723.937090133,4631.30003080919,209906.710239105,5818.86514994002,0,30586.3915969234,791929.90938896,0,0.263778401139108
"69","19_N_M",169164.434942149,125314.168270712,102850.757848133,49986.8798549967,757.562993054487,0,12305.8866689525,460379.690577997,0,0.590849679856147
"70","19_N_U",1111205.30890754,1335352.03228862,382653.129334547,624738.858174282,21067.312440108,0,47198.7973227926,3522215.43846789,0,0.424124663678123
"71","19_P_F",2292.74426753818,63128.3038948065,0,84419.1975453027,2244.33019651574,0,1503.61729016352,153588.193194327,0,0.0149278679555615
"72","19_P_L",323242.796878453,620209.179331179,18068.0573309654,726221.02564319,21916.1269664059,0,244465.082183047,1954122.26833324,0,0.174661974708746
"73","19_P_M",85984.5207079025,127266.004681794,16979.4804168523,111584.684411407,648.122631715071,2289.25886272965,38608.4888382651,383360.560550665,0.00597155549710518,0.268582665303013
"74","19_P_U",396316.432561331,664181.341854926,46504.7722372253,775047.08355244,15627.9464190232,7293.57720510554,207288.897796429,2112260.05162648,0.00345297313154663,0.209643317572368
"75","1_N_F",15341.4562442385,23478.5326341103,0,6088.0902696637,406.270117493012,0,0,45314.3492655055,0,0.338556251891646
"76","1_N_L",164647.920928421,491109.953383218,0,33515.6711533658,4903.92852348795,0,0,694177.473988492,0,0.237184188623139
"77","1_N_M",478.985912298383,5831.1865180276,0,657.877619632513,0,0,0,6968.0500499585,0,0.0687403088187113
"78","1_N_U",411813.599103425,210894.779445544,20624.6846209741,58206.2965756878,6197.13472991771,0,0,707736.494475549,0,0.611015946047614
"79","1_P_F",216080.819420775,833241.277229723,0,428262.15665575,890.303171884812,0,0,1478474.55647813,0,0.146151192439524
"80","1_P_L",294789.41607611,528331.885111255,1983.70001136477,175267.711041505,4101.82604016935,0,0,1004474.5382804,0,0.295451108791201
"81","1_P_M",4696.6092986531,0,0,0,82.3208139926052,0,0,4778.9301126457,0,0.982774216811672
"82","1_P_U",22152.0369581641,11356.8350447243,0,26784.8560811928,0,0,0,60293.7280840812,0,0.367402011155663
"83","20_N_F",0,26265.3649019917,0,10842.2010969442,0,0,0,37107.5659989359,0,0
"84","20_N_L",27767.9598116268,118184.498853128,0,151450.449443367,527.360386023002,0,12403.412676838,310333.681170983,0,0.0894777508739942
"85","20_N_M",8483.5124887087,13363.367802654,0,8526.26662218837,191.842260661295,913.248756038003,1057.3247419092,32535.5626721596,0.0280692473414472,0.260745836000801
"86","20_N_U",94455.054643565,312101.292475745,0,182504.850231618,2502.11667611426,0,18873.8631814977,610437.17720854,0,0.154733456889859
"87","20_P_F",508.913423312509,104868.709048935,1878.08367980144,96261.0138348345,0,0,97545.5012860133,301062.221272897,0,0.00792858397517191
"88","20_P_L",115501.875567307,76653.6137354136,6794.13220399561,212289.636956248,1785.1489419607,0,152254.088281912,565278.495686836,0,0.216346471172068
"89","20_P_M",38902.3060051339,32731.2697614019,22203.7399880614,35439.9600157933,0,0,454.911770172682,129732.187540563,0,0.471016847488904
"90","20_P_U",236355.572361251,171690.107687895,110568.368681435,323580.371246157,5304.52068110839,3826.49116356308,23808.8296458959,875134.261467306,0.00437246184048073,0.396423676135147
"91","21_N_F",0,16526.0467330414,0,1636.76079405972,726.270540253563,0,4457.97337731174,23347.0514446664,0,0
"92","21_N_L",1080061.23704712,1402370.02417115,482658.324478662,381429.884160413,16370.4203697899,2052.96466251956,32085.0263427076,3397027.88123237,0.000604341422648196,0.460025532954667
"93","21_N_M",150212.629375888,94779.2862765491,194612.238876357,36232.4075618096,211.931514767804,0,3121.2153805936,479169.708985965,0,0.719629938591016
"94","21_N_U",2723506.67267967,2231484.78385234,1789786.94933659,392104.585798058,30835.2804729567,0,48486.1178860658,7216204.39002568,0,0.62543871792969
"95","21_P_F",0,0,0,0,2804.51661193631,0,0,2804.51661193631,0,0
"96","21_P_L",98288.8361181449,227409.815870381,67913.2594130417,130429.572544228,19161.8762938037,0,56299.5917395886,599502.951979188,0,0.277233156204636
"97","21_P_M",2466.48414335602,0,1969.04568659985,0,0,0,0,4435.52982995588,0,1
"98","21_P_U",36161.6956591994,36042.7195015093,13493.2568882906,5294.44693238166,304.578090841639,0,23722.5513490381,115019.248421261,0,0.431709937502179
"99","22_N_L",0,35406.7312529329,0,268434.257972612,169.384789991725,0,17383.440287288,321393.814302824,0,0
"100","22_N_M",3147.90683619285,7632.84132372097,0,27683.9920778522,302.183485019997,0,2184.1724309649,40951.0961537509,0,0.0768699041504048
"101","22_N_U",20084.4185068453,79191.2663707195,0,338703.009004418,3913.11822572789,0,30064.9256106484,471956.737718359,0,0.0425556346624947
"102","22_P_F",23321.0144661612,184326.247524558,0,138215.008704888,0,0,22149.5515417825,368011.82223739,0,0.0633702861075962
"103","22_P_L",5298.1806736871,206256.283085957,0,637636.758714571,15051.7617275348,10704.6390517962,107257.894325225,982205.51757877,0.0108985735268359,0.00539416708505936
"104","22_P_M",18922.7174568226,42076.4199361093,0,67915.2509912371,1039.29742895122,0,13075.0113671436,143028.697180264,0,0.132300145564311
"105","22_P_U",56129.4243304556,151333.608938723,0,392575.664614519,3904.73088238685,0,30189.7939651694,634133.222731253,0,0.0885136156227591
"106","23_N_F",0,0,0,0,77.5114074215241,0,2169.65385268017,2247.16526010169,0,0
"107","23_N_L",3795.5024066522,1044.74501953658,237.253630438504,30608.9069371363,522.636237555918,0,33028.6047049897,69237.6489363091,0,0.0582451325116539
"108","23_N_M",13197.9438039617,11359.3212044215,63145.9686123397,25017.4861484247,651.741690023709,0,7734.26569986375,121106.727159035,0,0.630385398129437
"109","23_N_U",52953.5566225479,74353.4929378653,107304.863774195,121659.714972285,4828.74815075614,0,48278.7255307929,409379.101988443,0,0.391467028039129
"110","23_P_F",13306.8682786573,28055.2889958374,13655.007003809,37544.1739753071,1572.09528913966,0,20150.3282597507,114283.761802501,0,0.235920439240181
"111","23_P_L",110542.794881022,191584.13033892,65229.4114195609,173666.617992219,1215.08192426112,0,105225.854539344,647463.891095327,0,0.271478006291943
"112","23_P_M",83436.9892939135,90917.6169721044,30850.2216541646,98049.289945907,2235.36055969526,0,29058.4638220308,334547.942247815,0,0.341616840265662
"113","23_P_U",242074.771718781,313323.898388504,140548.99437765,227801.716420544,19864.7804853336,0,175736.709390533,1119350.87078135,0,0.341826478259981
"114","24_N_F",0,0,0,33266.249509504,0,3648.91482150512,10337.8031346464,47252.9674656556,0.0772208607672572,0
"115","24_N_L",0,2495.43098044831,10031.8299925679,282320.271656856,3085.99461448327,9267.46061165467,138561.130343496,445762.118199506,0.0207901484520201,0.0225048957347201
"116","24_N_M",5809.45538512664,9275.0655226414,5376.07538563295,44595.7853466606,1522.16955747506,0,13736.0637582596,80314.6149557962,0,0.139271423724261
"117","24_N_U",99.611476048849,53417.1286574465,5471.08055792296,220716.443301983,8714.31746019852,0,140727.409544968,429145.990998568,0,0.0129808786539274
"118","24_P_F",48.8427335572972,80024.6058087185,2779.40031028552,175531.479099822,9451.4151396152,0,50345.7179597247,318181.461051723,0,0.00888877382891601
"119","24_P_L",0,53966.0133134822,0,379837.353028574,1095.98208166137,3931.46343098035,119537.2499917,558368.061846397,0.00704098908877396,0
"120","24_P_M",4550.04899738033,7186.80278041574,12524.6268042294,43057.7918385624,637.71879393411,0,10839.1105616052,78796.0997761272,0,0.216694428405996
"121","24_P_U",4167.40934768583,20626.0980691616,5659.95265384218,247298.557171439,3471.40934832915,0,118470.279575522,399693.706165979,0,0.0245872322979413
"122","25_N_F",21909.6116892388,0,0,2170.81737289537,0,0,0,24080.4290621342,0,0.909851383158744
"123","25_N_L",336433.418235067,147899.992589969,152722.253838422,129199.768655317,601.884571385795,79408.5525170551,30981.92678444,877247.797191655,0.0905200933775687,0.557602622245879
"124","25_N_M",12156.6706231075,8612.22387423791,4387.93818807874,16189.419951724,0,8460.7031400033,821.495485811515,50628.4512629629,0.167113607644417,0.32678480969631
"125","25_N_U",360222.555904093,138784.124341944,310163.052564404,122413.654471492,1789.38954365526,115475.624378813,32855.4701298839,1081703.87133429,0.106753453915602,0.619749661838202
"126","25_P_F",0,64769.54148936,0,171069.709838695,88.5529441219298,1560.64140548712,0,237488.445677664,0.00657144140648144,0
"127","25_P_L",64242.2680713895,104237.992160735,3899.56662766798,20517.8636604016,0,0,0,192897.690520194,0,0.353253761179291
"128","26_N_F",270142.150787305,169258.290645009,2820.41210101291,69728.418831434,35306.9726474801,318313.489930359,4325.34465589536,869895.079598495,0.365921704117787,0.313787914531376
"129","26_N_L",1799362.76735619,3059725.84023446,220150.142553982,791249.435147817,127400.423615767,5578728.70713741,22516.1368502022,11599133.4528958,0.480960817443188,0.174108946854645
"130","26_N_M",30598.8269408041,46314.5519045586,6048.56275894279,10200.1991202127,193.350736491568,79701.3588346807,0,173056.85029569,0.46055015273016,0.211765033496969
"131","26_N_U",1134417.16412525,2171794.27321744,337022.976087271,485163.532084157,90299.331535429,4921388.96170241,6046.80441467772,9146133.04316664,0.538084121286574,0.160881121373134
"132","26_P_F",161260.748296161,781376.492714786,0,1221207.53607052,305880.501580148,343550.081204722,393083.662786193,3206359.02265253,0.107146479473316,0.0502940397993095
"133","26_P_L",566804.983314,730171.784887206,9271.34026698322,738535.616526125,10866.2213255036,125038.638966995,124915.006176898,2305603.59146371,0.0542324966138756,0.249859223725125
"134","26_P_M",0,283.259625829379,0,2949.34900631052,0,406.434804119923,618.139208040177,4257.1826443,0.095470370448894,0
"135","26_P_U",22812.3196087558,41392.0903616759,0,100276.161489245,4187.41216583591,47991.8667177413,20810.2316528297,237470.081996084,0.202096475961687,0.0960639732677229
"136","27_N_F",2534.06447458426,0,0,0,0,2819.89318318777,0,5353.95765777203,0.526693217137101,0.473306782862899
"137","27_N_L",347649.555089109,51013.4977512598,314429.456982908,23189.7394131107,1844.5725650036,132824.893630014,0,870951.715431405,0.152505461871928,0.760178779536672
"138","27_N_M",56531.4056410685,26272.0503864336,7585.73291617997,3459.18812183467,434.857627416856,117389.189903644,0,211672.424596578,0.55457951184418,0.302907375296749
"139","27_N_U",495360.887654574,216018.462396594,283971.467175647,56041.4058767265,2899.29915430574,1078875.75135214,0,2133167.27360999,0.505762377240273,0.365340479610559
"140","28_N_L",18121.6696841737,21537.1691410839,58621.7604627035,169.789759702993,290.457825641982,60631.1632565753,0,159372.010129881,0.380437965281127,0.481536438451988
"141","28_N_M",2031.8306296568,16604.4891017453,0,3171.88702739524,0,43090.5757753507,0,64898.782534148,0.663965857181952,0.0313076848334975
"142","28_N_U",28205.0535534669,343961.969298423,8477.36012049524,38750.6659705218,460.132180567305,526940.47870111,0,946795.659824584,0.556551430325249,0.0387437492909065
"143","28_P_F",17635.5394633506,597916.698296238,0,168675.695033068,0,450.625908141343,0,784678.558700798,0.000574280899031382,0.022474858357988
"144","28_P_L",4125.47045046575,154132.49975586,0,0,0,0,0,158257.970206326,0,0.0260680106353395
"145","28_P_U",1123.93839357051,14754.6482195456,0,0,0,0,0,15878.5866131161,0,0.0707832769348696
"146","29_N_F",509050.098404998,532575.922337217,527830.309870055,23063.7109974746,13192.795482773,1586048.37331384,0,3191761.21040636,0.496919496403026,0.324861523128493
"147","29_N_L",283744.14353357,1245891.86180022,22190.5605709944,628442.113456299,61633.8161640082,1080035.84589548,40040.0876260724,3361978.42904664,0.321250081964906,0.0909984137498819
"148","29_N_M",139.679974753788,741.614465314423,0,561.237745665309,0,9831.0594657505,0,11273.591651484,0.872043246701806,0.0123900154513225
"149","29_N_U",110228.963929705,280997.562194469,3521.82838547305,120664.898717188,15223.6619264806,811089.954227436,10305.7456204726,1352032.61500122,0.599904133397479,0.0841331718281626
"150","29_P_F",141860.218332967,215020.290943861,0,280063.808990137,105633.847154096,62095.9082375786,239293.69925291,1043967.77291155,0.0594806754085881,0.135885629819136
"151","29_P_L",25113.6422483602,56362.0512588293,14450.3258465053,147609.120550492,5508.50033644409,41136.5686147429,40377.0508685579,330557.259723932,0.124446120617948,0.119688698193795
"152","29_P_U",0,922.145487850269,0,30938.1782776249,0,0,0,31860.3237654752,0,0
"153","2_N_F",0,4427.9688874694,0,967.718922437843,0,0,0,5395.68780990724,0,0
"154","2_N_L",785.495023875039,40478.9890869441,20470.7493332053,12833.3921493215,667.104288623331,0,9215.92037237662,84451.6502543459,0,0.251697205360253
"155","2_N_M",11432.8075935381,22530.2987434339,0,6705.87511561548,3.96273251610996,0,2553.62026053042,43226.564445634,0,0.264485686988081
"156","2_N_U",21960.5930875623,130477.694126134,10285.5720492109,21858.455427195,547.331446309701,0,12830.9194420146,197960.565578426,0,0.162891862036018
"157","2_P_F",0,17424.5815589849,0,0,0,0,0,17424.5815589849,0,0
"158","2_P_L",10959.0939255099,293096.700343456,8218.18252630076,48422.2281796321,16.7063732504437,0,0,360712.91134815,0,0.053164929362069
"159","2_P_M",0,7277.67717953169,0,4794.36906658108,0,0,0,12072.0462461128,0,0
"160","2_P_U",728.695553224987,66207.0263204607,0,54648.7794876616,1674.04694021582,0,0,123258.548301563,0,0.00591192710985179
"161","30_N_F",16544.6464966127,2402.59149911307,0,0,0,0,21635.5625938174,40582.8005895432,0,0.407676312533139
"162","30_N_L",510013.184561756,231584.189565902,3154.25532631002,29000.367306917,4417.62759873994,201195.592525034,23027.9656804651,1002393.18256512,0.200715244301816,0.511942268576558
"163","30_N_M",3086.43666300861,1012.98868922837,0,726.608275610022,0,0,0,4826.033627847,0,0.639538988124609
"164","30_N_U",316181.665214083,145309.298901499,12245.0614149104,24287.9114487304,2160.28540657222,166631.604291679,3738.4306753221,670554.257352797,0.24849831682451,0.489783970540357
"165","31_N_M",2165.28232775454,1257.4652375729,0,0,0,0,0,3422.74756532744,0,0.632615256143612
"166","31_N_U",9017.12007627369,24929.9564801681,0,0,496.814902040787,0,3755.99771710908,38199.8891755917,0,0.236050948598964
"167","31_P_F",12913.3200750686,99861.1709285178,0,13009.9858572871,0,0,7028.82596051666,132813.30282139,0,0.0972291163667141
"168","31_P_L",709646.566390509,762658.709016131,13537.2343887188,143553.621132101,7053.71278087681,176.60440679642,58973.4956988672,1695599.943814,0.00010415452503447,0.426506148114474
"169","31_P_M",31868.388959955,23061.645996701,0,1084.71560318601,60.8359457421633,0,0,56075.5865055841,0,0.568311290989019
"170","31_P_U",994465.310429841,775227.829292682,190.831401969418,94927.0223961972,1086.73136673191,0,18153.3444546089,1884051.06934203,0,0.527934809208317
"171","3_N_F",7760.66013798119,23818.5696788065,4890.01158717328,1540.63299395588,0,0,0,38009.8743979168,0,0.332825928144814
"172","3_N_L",559772.893307205,339756.750350562,708306.994592423,130930.171676158,35103.9572278241,0,0,1773870.76715417,0,0.714865993273013
"173","3_N_M",30075.8665864966,33253.9283684036,5587.26318287613,23332.8846169799,162.308129279126,0,0,92412.2508840354,0,0.385913441434567
"174","3_N_U",463480.355760381,357402.249733657,363037.100085888,98446.1263130353,18540.455755744,0,0,1300906.28764871,0,0.635339734839886
"175","3_P_F",52990.0134664353,116021.46789734,65469.3747663302,150836.759864783,61749.1993719715,5027.5069225825,17959.7520297954,470054.074319239,0.0106955926929548,0.252012257109622
"176","3_P_L",1028000.42842751,1355190.13263751,363587.982272499,661339.84278003,100811.98253582,39989.2249773738,116996.405264152,3665915.9988949,0.0109083855138603,0.379601826970261
"177","3_P_M",35133.9918968184,19932.1375316579,0,20116.7555624602,143.985816637925,0,3215.74115773833,78542.6119653127,0,0.44732395597354
"178","3_P_U",476109.950521783,394749.956222455,48202.4530306525,164311.708682006,29582.9370369409,0,37398.9315263309,1150355.93702017,0,0.455782759647932
"179","4_N_L",0,17609.0802426715,0,19934.2892071141,19243.1546221534,0,14373.7989234066,71160.3229953455,0,0
"180","4_N_M",4524.73607422763,22873.1695264495,0,7130.91498687239,337.558746846343,0,506.23992815687,35372.6192625527,0,0.127916342316718
"181","4_N_U",2866.26437847506,132298.429300618,0,32817.9616007664,11087.3040500297,0,18312.68055147,197382.639881359,0,0.014521360035502
"182","4_P_F",108.362600213358,54558.8836631845,0,0,0,0,0,54667.2462633978,0,0.00198222167056385
"183","4_P_L",60122.1165092998,181313.71996406,0,92207.8446410639,27293.5629378397,0,0,360937.244052264,0,0.166572215807672
"184","4_P_M",12809.8554574622,51312.2120934865,0,21919.2488989609,533.954074971931,0,0,86575.2705248815,0,0.147962060988082
"185","4_P_U",176298.806322292,464904.61213654,0,210646.57139206,20240.5293243037,0,0,872090.519175196,0,0.202156545044236
"186","5_N_L",23543.2415493825,28562.209252513,31790.883633242,52735.4178898454,1437.69959777468,0,0,138069.451922758,0,0.400770224057824
"187","5_N_M",0,2850.13834257317,0,6938.03107019484,0,0,0,9788.16941276801,0,0
"188","5_N_U",23867.5065933389,77970.5990697006,12160.9290017523,168602.729368449,2682.37146882775,314.002488047468,0,285598.137990116,0.00109945565561892,0.126150807034806
"189","5_P_L",0,56813.5695606956,0,106752.736206017,289.924366547585,0,0,163856.23013326,0,0
"190","5_P_M",0,492.292622531558,0,2904.49926442115,0,0,0,3396.79188695271,0,0
"191","5_P_U",0,27225.5419079781,0,125130.452467904,6932.44199781632,0,0,159288.436373699,0,0
"192","6_N_L",3877.29982269267,55008.2622688529,0,0,916.556948989395,0,0,59802.119040535,0,0.0648354922016152
"193","6_N_M",4072.84403789039,10059.788192335,112.960782457388,1274.52439941893,0,0,0,15520.1174121017,0,0.269701878484755
"194","6_N_U",81089.0101820189,112890.266154749,3196.01008947516,62659.8357423227,9613.4977119413,0,0,269448.619880507,0,0.312805537133099
"195","6_P_F",0,37106.8147834196,0,0,0,0,0,37106.8147834196,0,0
"196","6_P_L",54282.2880495515,118114.911570866,0,81744.7428913056,10428.8816245618,0,0,264570.824136285,0,0.205171103906717
"197","6_P_M",1093.99754711807,19520.1110220454,3602.11459570272,2051.09766786979,83.1870352292983,0,0,26350.5078679653,0,0.17821713973604
"198","6_P_U",125410.807962421,335432.923335223,19534.7611269035,29898.0963746408,10069.8026108255,0,0,520346.391410014,0,0.278555922520298
"199","7_N_F",21077.866775233,9371.50113244941,0,3314.66012185642,710.885483070124,0,0,34474.9135126089,0,0.611397234325879
"200","7_N_L",15770.192832723,159217.374669401,0,38707.8678253306,1653.01385053307,0,0,215348.449177988,0,0.0732310489948723
"201","7_N_M",21198.3439896344,18614.0068592817,0,5596.66796948256,38.5455394225918,0,0,45447.5643578212,0,0.466435204816125
"202","7_N_U",139712.255044006,268781.625635341,0,163544.861193956,9080.04298195444,25165.0153024987,8453.02468162341,614736.82483938,0.0409362417959488,0.227271654143235
"203","7_P_F",6149.0787627062,65458.6641173517,0,62696.4680696934,121.693912933622,0,0,134425.904862685,0,0.0457432573653674
"204","7_P_L",23033.6133863956,208695.466648855,0,393398.55525315,14369.54540076,364.909304090824,134288.869773507,774150.959766759,0.000471367114497625,0.0297533873668972
"205","7_P_M",1342.6467381749,8841.88011957096,1030.40649539391,15208.9575301854,48.6917870643394,0,0,26472.5826703895,0,0.0896419236126573
"206","7_P_U",52211.6824316707,300320.120195405,2718.45463720988,336391.144253098,23636.783148161,0,97790.4418479796,813068.626513524,0,0.0675590414851248
"207","8_N_F",0,1574.78856402816,0,5019.482161263,435.783606320275,0,0,7030.05433161144,0,0
"208","8_N_L",66531.3282310002,531304.855687741,0,219509.359515364,44027.11146992,145116.664603422,74405.573151142,1080894.89265859,0.134256036908908,0.0615520793768934
"209","8_N_M",2991.90829093542,16722.8788338114,0,11947.6283971964,95.6510082930954,0,0,31758.0665302363,0,0.0942093967870138
"210","8_N_U",56133.323809939,488593.015646382,869.672901014874,173061.462770792,15456.4803380888,27245.9138311842,9773.93572768074,771133.805025082,0.0353322778143516,0.0739210190754118
"211","8_P_F",47335.9194575888,135314.130728274,0,365187.125541143,74044.7851755434,0,0,621881.960902548,0,0.0761172094281193
"212","8_P_L",39490.5779818162,397103.587176091,0,818190.649570374,34444.7544743673,0,113277.634504645,1402507.20370729,0,0.0281571302289425
"213","8_P_M",0,5649.40636586316,0,16662.5135344142,0,0,3067.16505010066,25379.084950378,0,0
"214","8_P_U",28536.5128071502,157125.074984045,0,487638.206438921,17733.1345684847,0,87185.6635917799,778218.592390381,0,0.0366690195867684
"215","9_N_F",500.988014873733,0,0,240.922029876295,7367.41956193951,0,0,8109.32960668953,0,0.0617792147035754
"216","9_N_L",1905.94983650533,0,385.536771030696,7961.76117739429,3136.57617786163,0,5313.39466196291,18703.2186247549,0,0.122518303053096
"217","9_N_M",55488.7190250032,29406.8961185939,9692.51656399119,17442.1429533437,849.942113559844,877.440390263177,10101.6922215048,123859.34938626,0.00708416760309994,0.526252042433425
"218","9_N_U",201741.066279699,169356.12332781,11416.3701864103,171781.32340999,20509.3127931075,306.011951753555,142452.454420316,717562.662369086,0.000426460249120591,0.297057591823904
"219","9_P_F",0,0,0,18724.7800546778,0,0,0,18724.7800546778,0,0
"220","9_P_L",152025.693465857,192042.749955074,0,255112.6992635,49480.1276427525,0,27571.8809783685,676233.151305552,0,0.224812541609876
"221","9_P_M",33010.5083663706,61583.7730428287,0,29444.0461844672,1882.71242137306,2228.66321569237,2045.00800522782,130194.71123596,0.0171179243345241,0.253547229783733
"222","9_P_U",274475.381026394,778889.31837783,0,314516.519230968,67268.5267104074,19554.0686444782,66789.1660154692,1521492.98000555,0.0128518954089469,0.180398716677216
"223","Total",36947168.372441,70448430.7548573,8595377.6011474,35328141.953497,2937442.87295985,18148380.207986,7118796.58181401,179523738.344703,10.2419586487829,0.253685369932206
